ID,Severity,Start_Time,End_Time,Start_Lat,Start_Lng,End_Lat,End_Lng,Distance(mi),Description,Number,Street,Side,City,County,State,Zipcode,Country,Timezone,Airport_Code,Weather_Timestamp,Temperature(F),Wind_Chill(F),Humidity(%),Pressure(in),Visibility(mi),Wind_Direction,Wind_Speed(mph),Precipitation(in),Weather_Condition,Amenity,Bump,Crossing,Give_Way,Junction,No_Exit,Railway,Roundabout,Station,Stop,Traffic_Calming,Traffic_Signal,Turning_Loop,Sunrise_Sunset,Civil_Twilight,Nautical_Twilight,Astronomical_Twilight
A-12,2,2020-12-17 16:38:09,2020-12-17 19:36:53,40.912209999999995,-73.875099,40.916901,-73.87144,0.376,Crash on I-87 - NYS Thruway southbound at After Exit 1 (I-87) - Yonkers - Hall Place starting 8:38 AM 12/17/2020 [CARS CAD-203520172],nan,I-87 N,R,Yonkers,Westchester,NY,10704,US,US/Eastern,KLGA,2020-12-17 16:51:00,32.0,21.0,61.0,30.0,10.0,NNW,16.0,0.0,Fair,False,False,False,False,False,False,False,False,False,False,False,False,False,Night,Day,Day,Day
A-20,2,2020-04-18 14:41:08,2020-04-18 15:25:50,41.556862,-73.779556,41.556862,-73.779556,0.0,Right hand shoulder blocked due to accident on Taconic State Pkwy Southbound at NY-52.,nan,Taconic State Pkwy,R,Hopewell Junction,Dutchess,NY,12533,US,US/Eastern,KPOU,2020-04-18 14:53:00,45.0,38.0,63.0,29.59,10.0,N,15.0,0.0,Cloudy,False,False,False,False,True,False,False,False,False,False,False,False,False,Day,Day,Day,Day
A-25,2,2020-06-25 14:48:35,2020-06-25 15:03:35,40.9122,-73.88461,40.9122,-73.88461,0.0,At McLean Ave/Exit 3 - Accident. Left lane blocked.,nan,Saw Mill River Pkwy S,R,Yonkers,Westchester,NY,10705,US,US/Eastern,KLGA,2020-06-25 14:51:00,88.0,88.0,26.0,29.94,10.0,S,8.0,0.0,Mostly Cloudy,False,False,False,False,False,False,False,False,False,False,False,False,False,Day,Day,Day,Day
A-40,2,2020-12-22 00:44:00,2020-12-22 04:51:36,43.100196999999994,-77.547005,43.099092,-77.546755,0.077,Incident on CLOVER ST near FRENCH RD Expect delays.,388.0,French Rd,R,Pittsford,Monroe,NY,14534-1153,US,US/Eastern,KROC,2020-12-22 00:54:00,34.0,28.0,100.0,29.05,6.0,SW,7.0,0.0,Wintry Mix,False,False,False,False,False,False,False,False,False,False,False,True,False,Night,Night,Night,Night
A-63,2,2020-12-16 21:26:41,2020-12-17 00:10:47,42.972506,-73.831128,42.971571999999995,-73.83099,0.065,Crash on NY 67 eastbound at Town of Ballston; Town of Malta Line; CR 82; Eastline Road (Malta) right shoulder closed,504.0,Eastline Rd,L,Ballston Spa,Saratoga,NY,12020-3632,US,US/Eastern,KSCH,2020-12-16 21:48:00,18.0,8.0,73.0,29.83,1.0,NNE,7.0,0.0,Light Snow,False,False,False,False,False,False,False,False,False,False,False,False,False,Night,Night,Night,Night
A-93,2,2019-09-17 06:21:57,2019-09-17 08:09:21,40.703041,-73.566048,40.703041,-73.566048,0.0,Accident on Prospect Ave at Bellmore Ave.,613.0,Bellmore Ave,L,East Meadow,Nassau,NY,11554-4708,US,US/Eastern,KFRG,2019-09-17 05:53:00,57.0,57.0,77.0,29.95,10.0,NNE,7.0,0.0,Fair,False,False,False,False,False,False,False,False,False,False,False,True,False,Night,Day,Day,Day
A-94,2,2017-09-29 08:47:54,2017-09-29 09:17:26,43.077332,-77.546585,43.077332,-77.546585,0.0,Serious accident on NY-65 Clover St at County Hwy-37 Stone Rd.,3001.0,Clover St,R,Pittsford,Monroe,NY,14534-2815,US,US/Eastern,KROC,2017-09-29 08:54:00,52.0,nan,80.0,30.1,10.0,Calm,nan,nan,Scattered Clouds,False,False,False,False,False,False,False,False,False,False,False,True,False,Day,Day,Day,Day
A-97,2,2018-01-18 06:55:12,2018-01-18 07:24:41,40.969318,-73.77409399999999,40.969318,-73.77409399999999,0.0,Right hand shoulder blocked due to accident on Hutchinson River Pkwy Northbound at Exit 20 NY-125 Weaver St.,nan,Weaver St,R,Scarsdale,Westchester,NY,10583,US,US/Eastern,KHPN,2018-01-18 06:56:00,15.1,7.7,70.0,30.07,10.0,West,4.6,nan,Partly Cloudy,False,False,False,False,False,False,False,False,False,False,False,False,False,Night,Day,Day,Day
A-100,2,2017-03-01 06:36:35,2017-03-01 07:06:25,40.673615000000005,-73.857185,nan,nan,0.01,Accident on Conduit Ave at 79th St.,7900.0,N Conduit Ave,R,Howard Beach,Queens,NY,11414,US,US/Eastern,KJFK,2017-03-01 06:43:00,48.9,nan,100.0,29.81,0.2,SSE,6.9,nan,Overcast,False,False,False,False,False,False,False,False,False,False,False,False,False,Day,Day,Day,Day
A-275,2,2020-11-06 22:06:25,2020-11-07 03:42:05,40.817029,-73.836497,40.789087,-73.81932900000001,2.129,Stationary traffic on Hutchinson River Pkwy S - I-678 S from Lafayette Ave exit [18] to Cross Is Pkwy S exit [16] due to accident.,nan,Bronx Whitestone Brg S,R,Bronx,Bronx,NY,10465,US,US/Eastern,KLGA,2020-11-06 21:51:00,65.0,65.0,45.0,30.21,10.0,SW,7.0,0.0,Fair,False,False,False,False,False,False,False,False,False,False,False,False,False,Night,Night,Night,Night
A-291,2,2016-08-14 09:33:13,2016-08-14 15:33:13,42.94145,-78.76647,42.93692,-78.76644,0.313,At RT-33/Exit 51 - Accident.,nan,New York Trwy W,R,Buffalo,Erie,NY,14225,US,US/Eastern,KBUF,2016-08-14 09:32:00,75.0,nan,73.0,29.96,10.0,NW,6.9,nan,Mostly Cloudy,False,False,False,False,False,False,False,False,False,False,False,False,False,Day,Day,Day,Day
A-322,2,2019-08-29 14:39:15,2019-08-29 15:24:03,40.73724,-73.172539,40.73724,-73.172539,0.0,Accident on Harwood Ave at CR-50 Union Blvd.,3558.0,Union Blvd,R,East Islip,Suffolk,NY,11730-1915,US,US/Eastern,KISP,2019-08-29 14:56:00,82.0,82.0,42.0,29.75,10.0,WNW,14.0,0.0,Fair,False,False,False,False,False,False,False,False,False,False,False,False,False,Day,Day,Day,Day
A-324,2,2018-12-19 20:08:04,2018-12-19 21:07:48,43.138062,-77.60041,43.138062,-77.60041,0.0,Accident on Benton St at Meigs St.,99.0,Benton St,R,Rochester,Monroe,NY,14620-2439,US,US/Eastern,KROC,2018-12-19 19:54:00,37.0,33.3,50.0,30.01,10.0,SW,4.6,nan,Scattered Clouds,False,False,False,False,False,False,False,False,False,False,False,False,False,Night,Night,Night,Night
A-327,2,2018-12-29 08:06:05,2018-12-29 08:35:44,42.666294,-73.75489,42.666294,-73.75489,0.0,Left lane blocked due to accident on US-9 Northbound before Dudley Hts.,nan,Loudon Rd,R,Albany,Albany,NY,12210,US,US/Eastern,KALB,2018-12-29 07:51:00,43.0,35.7,60.0,29.98,10.0,WNW,15.0,nan,Overcast,False,False,False,False,False,False,False,False,False,False,False,False,False,Day,Day,Day,Day
A-407,2,2019-07-18 16:06:43,2019-07-18 16:36:32,41.040859999999995,-73.83776,41.04600000000001,-73.83202,0.46399999999999997,At I-87/Exit 20 - Accident. Right lane blocked.,nan,Saw Mill River Pkwy N,R,Irvington,Westchester,NY,10533,US,US/Eastern,KHPN,2019-07-18 15:56:00,74.0,74.0,97.0,29.42,2.0,E,6.0,0.04,Light Rain,False,False,False,False,True,False,False,False,False,False,False,False,False,Day,Day,Day,Day
A-475,2,2019-11-21 07:54:25,2019-11-21 08:23:46,41.595046999999994,-73.764015,41.595046999999994,-73.764015,0.0,Right hand shoulder blocked due to accident on Taconic State Pkwy Southbound after CR-9 Beekman Rd.,nan,Taconic State Pkwy,R,Hopewell Junction,Dutchess,NY,12533,US,US/Eastern,KPOU,2019-11-21 07:53:00,28.0,28.0,88.0,30.02,10.0,CALM,0.0,0.0,Fair,False,False,False,False,False,False,False,False,False,False,False,False,False,Day,Day,Day,Day
A-496,2,2020-06-14 03:37:08,2020-06-14 06:28:05,42.874249,-78.787849,42.874249,-78.787849,0.0,Accident on I-190 Eastbound at Exits 1-52 54-61.,nan,I-90 E,R,Buffalo,Erie,NY,14227,US,US/Eastern,KBUF,2020-06-14 03:54:00,45.0,42.0,76.0,29.6,10.0,NE,6.0,0.0,Fair,False,False,False,False,False,False,False,False,False,False,False,False,False,Night,Night,Night,Day
A-507,2,2016-12-13 17:02:27,2016-12-13 17:47:11,40.704741999999996,-73.995041,nan,nan,0.01,Left lane blocked due to accident on Brooklyn Brg Eastbound in Manhattan.,nan,Brooklyn Brg,R,Manhattan,New York,NY,10038,US,US/Eastern,KJRB,2016-12-13 16:56:00,42.1,38.4,55.0,30.12,nan,SW,5.8,0.07,Overcast,False,False,False,False,False,False,False,False,False,False,False,False,False,Night,Night,Day,Day
A-524,2,2016-09-23 17:48:28,2016-09-23 23:48:28,42.51616,-73.60991,42.51607,-73.60958000000001,0.018000000000000002,At RT-203/Chatham St/Elm St - Accident.,2.0,Elm St,R,Nassau,Rensselaer,NY,12123-9393,US,US/Eastern,KPSF,2016-09-23 17:54:00,69.1,nan,70.0,29.94,10.0,NNW,5.8,nan,Overcast,False,False,True,False,False,False,False,False,False,False,False,True,False,Day,Day,Day,Day
A-536,2,2020-10-14 10:38:30,2020-10-14 16:34:30,40.764152,-73.724091,40.770979,-73.68754,1.97,Slow traffic on I-495 from Douglaston Pkwy/Exit 31 (I-495) to Shelter Rock Rd/Exit 35 (I-495) due to accident.,nan,Long Island Expy E,R,Little Neck,Queens,NY,11362,US,US/Eastern,KLGA,2020-10-14 10:51:00,62.0,62.0,50.0,29.97,10.0,WSW,7.0,0.0,Fair,False,False,False,False,False,False,False,False,False,False,False,False,False,Day,Day,Day,Day
A-599,2,2019-07-01 11:53:45,2019-07-01 14:38:34,44.918663,-73.739655,44.918663,-73.739655,0.0,Accident on US-11 at CR-11 Forest Rd.,4380.0,State Route 11,L,Mooers Forks,Clinton,NY,12959-1713,US,US/Eastern,KPBG,2019-07-01 11:53:00,76.0,76.0,60.0,29.67,10.0,SE,7.0,0.0,Fair,False,False,False,False,False,False,False,False,False,False,False,False,False,Day,Day,Day,Day
A-602,2,2019-04-19 11:38:08,2019-04-19 12:38:16,43.554192,-73.40007,43.554192,-73.40007,0.0,Accident on William St at Wilson Ave.,15.0,Williams St,R,Whitehall,Washington,NY,12887-1321,US,US/Eastern,KGFL,2019-04-19 11:53:00,70.0,70.0,61.0,29.33,10.0,SSW,15.0,0.0,Cloudy,False,False,False,False,False,False,False,False,False,False,False,False,False,Day,Day,Day,Day
A-656,2,2019-09-25 07:57:27,2019-09-25 08:58:10,41.075520000000004,-73.802017,41.075520000000004,-73.802017,0.0,Left hand shoulder blocked due to accident on Sprain Brook Pkwy Southbound after NY-100C Grasslands Rd.,nan,Sprain Brook Pkwy S,R,Valhalla,Westchester,NY,10595,US,US/Eastern,KHPN,2019-09-25 07:56:00,57.0,57.0,81.0,29.45,10.0,NNW,5.0,0.0,Fair,False,False,False,False,False,False,False,False,False,False,False,False,False,Day,Day,Day,Day
A-661,2,2020-03-18 07:02:49,2020-03-18 07:48:00,43.001141,-77.670395,43.001141,-77.670395,0.0,Accident on I-390 Northbound at Exit 11 NY-251 Rush Scottsville Rd.,nan,Genesee Expy N,R,Rush,Monroe,NY,14543,US,US/Eastern,KROC,2020-03-18 06:54:00,27.0,27.0,78.0,29.82,10.0,CALM,0.0,0.0,Fair,False,False,False,False,False,False,False,False,False,False,False,False,False,Night,Day,Day,Day
A-673,2,2019-11-19 05:36:40,2019-11-19 06:37:49,43.04929,-75.233482,43.04929,-75.233482,0.0,Accident on CR-24A Higby Rd both ways at Tilden Ave.,9895.0,Sessions Rd,L,New Hartford,Oneida,NY,13413-3612,US,US/Eastern,KRME,2019-11-19 05:50:00,34.0,34.0,100.0,29.2,7.0,CALM,0.0,0.01,Cloudy,False,False,False,False,False,False,False,False,False,False,False,False,False,Night,Night,Night,Day
A-694,2,2018-10-17 07:56:39,2018-10-17 08:26:05,43.196243,-77.576782,43.196243,-77.576782,0.0,Accident on County Hwy-108 Goodman St both ways at NY-104.,nan,NY-104 E,R,Rochester,Monroe,NY,14621,US,US/Eastern,KROC,2018-10-17 07:54:00,46.9,nan,80.0,29.88,10.0,WSW,9.2,nan,Mostly Cloudy,False,False,False,False,False,False,False,False,False,False,False,True,False,Day,Day,Day,Day
A-699,2,2018-11-06 10:54:53,2018-11-06 11:20:52,40.70215,-73.48571,40.70579,-73.4585,1.4469999999999998,Between RT-107/Exit 29 and Broadway/Exit 30 - Accident. Left lane blocked. Center lane blocked.,nan,Southern State Pkwy E,R,Seaford,Nassau,NY,11783,US,US/Eastern,KFRG,2018-11-06 10:53:00,54.0,nan,100.0,29.93,1.0,SE,6.9,nan,Overcast,False,False,False,False,True,False,False,False,False,False,False,False,False,Day,Day,Day,Day
A-786,2,2020-10-10 05:42:40,2020-10-10 07:52:36,40.709063,-73.819822,40.718022999999995,-73.826098,0.701,Crash on I-678 both directions at Hillside Avenue (New York) 2 lanes blocked,nan,Van Wyck Expy N,R,Jamaica,Queens,NY,11435,US,US/Eastern,KJFK,2020-10-10 05:51:00,59.0,59.0,78.0,30.08,10.0,SW,15.0,0.0,Partly Cloudy,False,False,False,False,True,False,False,False,False,False,False,False,False,Night,Night,Night,Day
A-802,2,2020-04-27 07:22:07,2020-04-27 08:37:11,41.477081,-74.312302,41.477081,-74.312302,0.0,Accident on NY-211 at 2nd Ave.,1581.0,Route 211 E,L,Middletown,Orange,NY,10941-3730,US,US/Eastern,KMGJ,2020-04-27 06:54:00,39.0,33.0,86.0,29.46,10.0,NNE,9.0,0.0,Cloudy,False,False,False,False,False,False,False,False,False,False,False,False,False,Day,Day,Day,Day
A-890,2,2019-04-11 12:27:55,2019-04-11 13:27:21,40.847297999999995,-72.883698,40.847297999999995,-72.883698,0.0,Accident on I-495 Eastbound at Exit 68 Long Island Expy.,nan,Long Island Expy E,R,Shirley,Suffolk,NY,11967,US,US/Eastern,KHWV,2019-04-11 12:56:00,47.0,43.0,30.0,30.17,10.0,NNW,8.0,0.0,Cloudy,False,False,False,False,False,False,False,False,False,False,False,False,False,Day,Day,Day,Day
A-931,2,2017-01-06 08:00:33,2017-01-06 08:45:07,41.035675,-73.816696,nan,nan,0.01,Slow traffic and right hand shoulder blocked due to accident on Sprain Brook Pkwy Southbound at NY-100B Dobbs Ferry Rd.,nan,Dobbs Ferry Rd,R,White Plains,Westchester,NY,10607,US,US/Eastern,KHPN,2017-01-06 07:56:00,26.1,18.4,78.0,30.02,3.0,NNW,6.9,0.0,Light Snow,False,False,False,False,False,False,False,False,False,False,False,False,False,Day,Day,Day,Day
A-971,2,2020-09-25 16:32:29,2020-09-25 20:52:40,42.840167,-73.483921,42.838707,-73.483019,0.111,Crash on NY 7 at Main Way (Pittstown) 1 lane may be closed,96.0,Main Way,R,Valley Falls,Rensselaer,NY,12185-2612,US,US/Eastern,KDDH,2020-09-25 16:54:00,77.0,77.0,52.0,29.16,10.0,CALM,0.0,0.0,Fair,False,False,False,False,False,False,False,False,False,False,False,False,False,Day,Day,Day,Day
A-975,2,2020-10-20 02:37:00,2020-10-20 06:43:03,43.174896000000004,-77.613722,43.174915000000006,-77.613247,0.024,Incident on CLIFFORD AVE near N CLINTON AVE Drive with caution.,371.0,Clifford Ave,R,Rochester,Monroe,NY,14621-4517,US,US/Eastern,KROC,2020-10-20 02:54:00,53.0,53.0,100.0,29.49,10.0,W,5.0,0.0,Cloudy,False,False,False,False,False,False,False,False,False,False,False,False,False,Night,Night,Night,Night
A-991,2,2017-02-24 11:14:50,2017-02-24 11:44:36,40.758507,-73.854675,nan,nan,0.01,Accident on Grand Central Pkwy Eastbound at Northern Blvd.,nan,Grand Central Pkwy E,R,East Elmhurst,Queens,NY,11369,US,US/Eastern,KLGA,2017-02-24 10:51:00,68.0,nan,59.0,29.94,10.0,South,13.8,nan,Partly Cloudy,False,False,False,False,False,False,False,False,False,False,False,False,False,Day,Day,Day,Day
A-1075,2,2018-05-24 08:55:40,2018-05-24 09:25:20,40.86097,-73.828407,40.86097,-73.828407,0.0,Accident on Hutchinson River Pkwy at Bruckner Blvd.,nan,New England Trwy S,R,Bronx,Bronx,NY,10475,US,US/Eastern,KLGA,2018-05-24 08:51:00,72.0,nan,40.0,30.13,10.0,NNW,6.9,nan,Partly Cloudy,False,False,False,False,True,False,False,False,False,False,False,False,False,Day,Day,Day,Day
A-1077,2,2016-12-14 07:28:22,2016-12-14 07:58:12,40.856388,-73.872375,nan,nan,0.01,Accident on Bronx River Pkwy at Exits 7E 7W US-1 Fordham Rd.,nan,Bronx River Pkwy N,R,Bronx,Bronx,NY,10458,US,US/Eastern,KLGA,2016-12-14 07:51:00,39.0,30.6,62.0,30.01,10.0,NNW,15.0,nan,Partly Cloudy,False,False,False,False,True,False,False,False,False,False,False,False,False,Day,Day,Day,Day
A-1110,2,2016-11-17 14:59:37,2016-11-17 20:59:37,40.68374,-73.64399999999999,40.689409999999995,-73.62974,0.8440000000000001,Between Eagle Ave/Exit 18 and Peninsula Blvd/Exit 19 - Accident.,nan,Southern State Pkwy E,R,West Hempstead,Nassau,NY,11552,US,US/Eastern,KJFK,2016-11-17 14:51:00,63.0,nan,38.0,29.98,10.0,NNW,13.8,nan,Partly Cloudy,False,False,False,False,True,False,False,False,False,False,False,False,False,Day,Day,Day,Day
A-1111,2,2016-12-22 19:42:40,2016-12-23 01:42:40,40.846940000000004,-73.93365,40.84628,-73.93224000000001,0.087,At Amsterdam Ave/Harlem River Dr - Accident.,271.0,Audubon Ave,R,New York,New York,NY,10033-6328,US,US/Eastern,KNYC,2016-12-22 19:51:00,41.0,34.7,53.0,30.09,10.0,WNW,10.4,nan,Clear,False,False,False,False,True,False,False,False,False,False,False,True,False,Night,Night,Night,Night
A-1126,2,2019-11-08 09:43:02,2019-11-08 10:43:58,40.717361,-73.477165,40.717361,-73.477165,0.0,Accident on NY-135 Southbound at Exit 6 Boundary Ave.,nan,Seaford Oyster Bay Expy S,R,Massapequa,Nassau,NY,11758,US,US/Eastern,KFRG,2019-11-08 09:53:00,37.0,27.0,50.0,29.98,10.0,NNW,18.0,0.0,Mostly Cloudy,False,False,False,False,False,False,False,False,False,False,False,False,False,Day,Day,Day,Day
A-1138,2,2018-03-26 12:28:41,2018-03-26 13:28:20,43.125732,-77.6138,43.125732,-77.6138,0.0,Accident on Gold St at South Ave.,99.0,Gold St,R,Rochester,Monroe,NY,14620-2919,US,US/Eastern,KROC,2018-03-26 12:54:00,46.0,39.3,35.0,30.67,10.0,SE,16.1,nan,Clear,False,False,False,False,False,False,False,False,False,False,False,False,False,Day,Day,Day,Day
A-1218,2,2018-01-30 07:48:04,2018-01-30 08:17:47,43.147071999999994,-77.711235,43.147071999999994,-77.711235,0.0,Accident on NY-33 Buffalo Rd at County Hwy-156 Wegman Rd.,1198.0,Wegman Rd,L,Rochester,Monroe,NY,14624-1533,US,US/Eastern,KROC,2018-01-30 07:54:00,19.9,9.3,89.0,30.18,1.0,NNW,9.2,0.01,Light Snow,False,False,False,False,False,False,False,False,False,False,False,False,False,Day,Day,Day,Day
A-1219,2,2020-10-31 13:21:30,2020-10-31 15:16:30,41.513932000000004,-74.199546,41.515941999999995,-74.164556,1.8159999999999998,Stationary traffic on I-84 from NY-208/Exit 5 (I-84) to NY-747/International Blvd/Exit 5A (I-84) due to accident.,nan,I-84 E,R,Montgomery,Orange,NY,12549,US,US/Eastern,KMGJ,2020-10-31 12:54:00,40.0,40.0,60.0,30.11,10.0,VAR,3.0,0.0,Fair,False,False,False,False,False,False,False,False,False,False,False,False,False,Day,Day,Day,Day
A-1220,2,2016-12-29 14:11:52,2016-12-29 20:11:52,42.649840000000005,-73.74840999999999,42.63988,-73.75319,0.73,At US-9/US-20/Exit 3/Exit 4 - Accident.,nan,Erie Canalway Trl,R,Albany,Albany,NY,12207,US,US/Eastern,KALB,2016-12-29 14:22:00,33.1,27.7,89.0,29.57,1.0,SW,5.8,0.02,Light Snow,False,False,False,False,False,False,False,False,False,False,False,False,False,Day,Day,Day,Day
A-1231,2,2020-10-30 02:09:09,2020-10-30 04:18:02,40.760682,-73.963769,40.750662,-73.940519,1.4,Crash on Queensboro Bridge eastbound between Manhattan Side (Manhattan) and Queens Side (New York) left lane blocked,nan,Ed Koch Queensboro Brg E,R,New York,New York,NY,10022,US,US/Eastern,KNYC,2020-10-30 01:59:00,46.0,42.0,93.0,29.56,5.0,NNE,8.0,0.0,Light Rain,False,False,False,False,False,False,False,False,False,False,False,False,False,Night,Night,Night,Night
A-1242,2,2016-05-12 06:48:11,2016-05-12 12:48:11,40.734559999999995,-73.74417,40.73234,-73.74701,0.214,At Union Tpke/Exit 22 - Accident.,nan,Grand Central Pkwy W,R,Queens Village,Queens,NY,11427,US,US/Eastern,KJFK,2016-05-12 06:51:00,57.0,nan,77.0,30.14,10.0,NE,5.8,nan,Partly Cloudy,False,False,False,False,False,False,False,False,False,False,False,False,False,Day,Day,Day,Day
A-1269,2,2016-06-03 20:47:59,2016-06-04 02:47:59,40.84385,-73.8956,40.84406,-73.8975,0.1,At 3rd Ave/Exit 3 - Accident.,nan,Cross Bronx Expy W,R,Bronx,Bronx,NY,10457,US,US/Eastern,KLGA,2016-06-03 20:51:00,66.9,nan,81.0,30.02,10.0,South,10.4,nan,Mostly Cloudy,False,False,False,False,True,False,False,False,False,False,False,False,False,Night,Day,Day,Day
A-1276,2,2020-11-19 17:36:00,2020-11-19 19:37:17,43.182369,-77.484605,43.182365000000004,-77.483822,0.039,Incident on PLANK RD near SCRIBNER RD Drive with caution.,1300.0,Scribner Rd,L,Penfield,Monroe,NY,14526,US,US/Eastern,KROC,2020-11-19 17:54:00,61.0,61.0,27.0,29.45,10.0,SW,14.0,0.0,Mostly Cloudy,False,False,True,False,False,False,False,False,False,False,False,True,False,Night,Night,Day,Day
A-1296,2,2019-08-26 17:31:51,2019-08-26 18:01:28,40.69057,-73.99886,40.689440000000005,-73.9989,0.078,At Atlantic Ave/Exit 27 - Accident. Right lane blocked.,nan,Brooklyn Queens Expy,R,Brooklyn,Kings,NY,11201,US,US/Eastern,KJRB,2019-08-26 17:51:00,71.0,71.0,61.0,30.01,10.0,NE,7.0,0.0,Fair,False,False,False,False,True,False,False,False,False,False,False,False,False,Day,Day,Day,Day
A-1314,2,2018-04-13 07:23:09,2018-04-13 13:23:09,40.61674,-74.02569,40.64418,-74.01821,1.936,Between I-278/Brooklyn Queens Expy/Gowanus Expy (South) and I-278/Brooklyn Queens Expy/Gowanus Expy (North) - Accident. Right lane blocked.,nan,Gowanus Expy E,R,Brooklyn,Kings,NY,11209,US,US/Eastern,KJRB,2018-04-13 07:15:00,59.0,nan,55.0,nan,10.0,West,10.4,nan,nan,False,False,False,False,False,False,False,False,False,False,False,False,False,Day,Day,Day,Day
A-1343,2,2016-11-17 06:52:06,2016-11-17 07:21:47,40.836418,-73.873695,nan,nan,0.01,Accident on Bronx River Pkwy Southbound at Exit 5 177th St.,nan,Bronx River Pkwy N,R,Bronx,Bronx,NY,10460,US,US/Eastern,KLGA,2016-11-17 06:51:00,53.1,nan,69.0,29.98,10.0,WNW,11.5,nan,Partly Cloudy,False,False,False,False,False,False,False,False,False,False,False,False,False,Day,Day,Day,Day
A-1440,2,2018-04-19 07:37:45,2018-04-19 13:37:45,40.73892,-73.72428000000001,40.74008,-73.72543,0.1,At Union Tpke/Exit 28 - Accident. Lane blocked.,nan,Cross Island Pkwy N,R,Bellerose,Queens,NY,11426,US,US/Eastern,KJFK,2018-04-19 07:51:00,42.1,35.7,89.0,29.64,10.0,East,11.5,0.0,Overcast,False,False,False,False,True,False,False,False,False,False,False,False,False,Day,Day,Day,Day
A-1492,2,2017-11-28 19:55:53,2017-11-29 01:55:53,40.835879999999996,-73.86978,40.835879999999996,-73.86978,0.0,At White Plains Rd/Exit 5 - Accident. Right lane blocked.,1436.0,Rosedale Ave,R,Bronx,Bronx,NY,10472,US,US/Eastern,KLGA,2017-11-28 19:51:00,53.1,nan,69.0,30.28,10.0,SSW,11.5,nan,Clear,False,False,True,False,False,False,False,False,False,False,False,False,False,Night,Night,Night,Night
A-1514,2,2018-09-26 08:56:46,2018-09-26 09:26:31,40.700977,-73.49056999999999,40.700977,-73.49056999999999,0.0,Accident on Southern State Pkwy Eastbound at Exit 28A NY-135 Seaford Oyster Bay Expy.,nan,Seaford Oyster Bay Expy S,R,Seaford,Nassau,NY,11783,US,US/Eastern,KFRG,2018-09-26 08:53:00,72.0,nan,100.0,30.04,0.2,South,10.4,nan,Overcast,False,False,False,False,False,False,False,False,False,False,False,False,False,Day,Day,Day,Day
A-1550,2,2019-01-31 06:45:26,2019-01-31 07:14:53,40.834028,-73.862903,40.835851,-73.86911500000001,0.348,Between Westchester/Castle Hill/Exit 5 and Bronx River Pky/Exit 4B - Accident. Right lane blocked.,1325.0,White Plains Rd,L,Bronx,Bronx,NY,10460,US,US/Eastern,KLGA,2019-01-31 06:51:00,3.9,-13.0,43.0,30.38,10.0,WNW,12.7,nan,Partly Cloudy,False,False,True,False,False,False,False,False,False,False,False,True,False,Night,Day,Day,Day
A-1655,2,2019-04-08 08:28:31,2019-04-08 08:56:21,41.736752,-74.063766,nan,nan,24.719999313400002,Accident on I-87 Southbound between Exit 19 and Exit 18 NY-299 Main St.,nan,I-87 N,R,New Paltz,Ulster,NY,12561,US,US/Eastern,KPOU,2019-04-08 08:53:00,53.0,53.0,93.0,29.66,6.0,SE,5.0,0.0,Cloudy,False,False,False,False,False,False,False,False,False,False,False,False,False,Day,Day,Day,Day
A-1660,2,2018-09-05 07:23:16,2018-09-05 07:53:02,40.946327000000004,-73.849701,40.946327000000004,-73.849701,0.0,Right hand shoulder blocked due to accident on Sprain Brook Pkwy Southbound near NY-100 Central Park Ave.,nan,Sprain Brook Pkwy S,R,Bronxville,Westchester,NY,10708,US,US/Eastern,KHPN,2018-09-05 07:06:00,72.0,nan,97.0,30.25,1.5,Calm,nan,nan,Mostly Cloudy,False,False,False,False,False,False,False,False,False,False,False,False,False,Day,Day,Day,Day
A-1717,2,2018-08-24 06:45:43,2018-08-24 07:15:23,41.928501000000004,-73.76209300000001,41.928501000000004,-73.76209300000001,0.0,Right hand shoulder blocked due to accident on Taconic State Pkwy Northbound before Willow Brook Rd.,nan,Taconic State Pkwy,R,Stanfordville,Dutchess,NY,12581,US,US/Eastern,KPOU,2018-08-24 06:53:00,55.9,nan,93.0,30.16,10.0,Calm,nan,nan,Clear,False,False,False,False,False,False,False,False,False,False,False,False,False,Day,Day,Day,Day
A-1765,2,2020-02-24 06:40:57,2020-02-24 07:27:49,40.82394,-72.99754300000001,40.82394,-72.99754300000001,0.0,Accident on I-495 Westbound at Exit 64 Waverly Ave.,nan,Long Island Expy W,R,Medford,Suffolk,NY,11763,US,US/Eastern,KISP,2020-02-24 06:39:00,30.0,30.0,100.0,29.95,0.25,CALM,0.0,0.0,Fog,False,False,False,False,False,False,False,False,False,False,False,False,False,Day,Day,Day,Day
A-1788,2,2020-04-15 10:59:12,2020-04-15 11:59:12,43.14712,-77.59467,43.14712,-77.59467,0.0,At I-490/Field St - Accident.,363.0,Meigs St,R,Rochester,Monroe,NY,14607-3711,US,US/Eastern,KROC,2020-04-15 10:54:00,37.0,29.0,39.0,29.39,10.0,WNW,13.0,0.0,Mostly Cloudy,False,False,True,False,False,False,False,False,False,False,False,True,False,Day,Day,Day,Day
A-1858,2,2019-07-11 11:49:47,2019-07-11 12:49:37,43.007462,-78.822342,43.007462,-78.822342,0.0,Accident on US-62 Niagara Falls Blvd near Greenhaven Ter.,1950.0,Niagara Falls Blvd,L,Tonawanda,Erie,NY,14150-6427,US,US/Eastern,KBUF,2019-07-11 11:54:00,78.0,78.0,68.0,29.05,10.0,SW,14.0,0.0,Cloudy,False,False,False,False,False,False,False,False,False,False,False,True,False,Day,Day,Day,Day
A-2008,2,2020-06-15 06:20:16,2020-06-15 07:56:01,42.74419,-78.842873,42.74419,-78.842873,0.0,Accident on I-90 Eastbound at Exit 57 NY-75 Camp Rd.,nan,I-90 W,R,Hamburg,Erie,NY,14075,US,US/Eastern,KBUF,2020-06-15 05:54:00,48.0,45.0,80.0,29.63,10.0,E,6.0,0.0,Fair,False,False,False,False,False,False,False,False,False,False,False,False,False,Day,Day,Day,Day
A-2030,2,2019-11-15 15:08:39,2019-11-15 16:08:21,43.11388,-77.44171899999999,43.11388,-77.44171899999999,0.0,Accident on Eaglesfield Way at NY-250 Fairport Nine Mile Point Rd.,4513.0,Nine Mile Point Rd,R,Fairport,Monroe,NY,14450-8793,US,US/Eastern,KROC,2019-11-15 14:54:00,35.0,26.0,70.0,29.57,10.0,W,13.0,0.0,Mostly Cloudy,False,False,True,False,False,False,False,False,False,False,False,False,False,Day,Day,Day,Day
A-2034,2,2017-11-14 07:06:08,2017-11-14 13:06:08,41.29473,-73.82243000000001,41.282949,-73.82028000000001,0.8220000000000001,Between US-202/RT-35/Crompond Rd and Franklin D Roosevelt State Park - Accident. Left lane blocked.,nan,Taconic State Pkwy S,R,Yorktown Heights,Westchester,NY,10598,US,US/Eastern,KHPN,2017-11-14 06:56:00,35.1,27.9,85.0,30.32,10.0,North,9.2,nan,Scattered Clouds,False,False,False,False,False,False,False,False,False,False,False,False,False,Day,Day,Day,Day
A-2055,2,2020-12-07 13:56:00,2020-12-07 16:13:45,40.741821,-73.782967,40.743301,-73.77550699999999,0.40399999999999997,Crash on I-495 westbound between Exit 27 - Clearview Expwy I-295 / Throgs Neck Bridge (New York) and Exit 25 - Utopia Parkway / 188th Street (New York) left and center lanes closed,nan,Long Island Expy E,R,Fresh Meadows,Queens,NY,11365,US,US/Eastern,KLGA,2020-12-07 13:51:00,42.0,37.0,41.0,29.68,10.0,NW,8.0,0.0,Fair,False,False,False,False,False,False,False,False,False,False,False,False,False,Day,Day,Day,Day
A-2100,2,2017-02-01 16:48:01,2017-02-01 17:33:23,41.298126,-73.935715,nan,nan,0.01,Right hand shoulder blocked due to accident on US-6 Roa Hook Rd Eastbound at US-9 Roa Hook Rd.,nan,Roa Hook Rd,R,Cortlandt Manor,Westchester,NY,10567,US,US/Eastern,KHPN,2017-02-01 16:56:00,42.1,37.7,49.0,29.94,10.0,West,6.9,nan,Scattered Clouds,False,False,False,False,False,False,False,False,False,False,False,False,False,Day,Day,Day,Day
A-2124,2,2018-05-29 06:33:59,2018-05-29 07:03:19,43.12627,-77.63889300000001,43.12627,-77.63889300000001,0.0,Accident on NY-383 Genesee St at Genesee Park Blvd.,1223.0,Genesee St,R,Rochester,Monroe,NY,14611-4138,US,US/Eastern,KROC,2018-05-29 06:54:00,68.0,nan,81.0,30.0,10.0,North,3.5,nan,Partly Cloudy,False,False,False,False,False,False,False,False,False,False,False,True,False,Day,Day,Day,Day
A-2133,2,2019-07-29 16:25:34,2019-07-29 17:55:25,40.640789,-73.655579,40.640789,-73.655579,0.0,Accident on Atlantic Ave at Lawson Blvd.,2.0,Lawson Blvd,R,Oceanside,Nassau,NY,11572,US,US/Eastern,KJFK,2019-07-29 16:51:00,84.0,84.0,72.0,29.95,10.0,S,17.0,0.0,Partly Cloudy,False,False,False,False,False,False,False,False,False,False,False,True,False,Day,Day,Day,Day
A-2143,2,2019-11-30 18:01:59,2019-11-30 20:06:32,42.248591999999995,-73.88409399999999,42.248591999999995,-73.88409399999999,0.0,Accident on I-87 Northbound at Exit 21 CR-23B.,nan,I-87 N,R,Catskill,Greene,NY,12414,US,US/Eastern,KPSF,2019-11-30 17:54:00,24.0,24.0,57.0,28.7,10.0,NW,3.0,0.0,Fair,False,False,False,False,False,False,False,False,False,False,False,False,False,Night,Night,Night,Day
A-2179,2,2018-08-20 17:32:34,2018-08-20 18:02:06,40.745571000000005,-73.27894599999999,nan,nan,2.90000009537,Left lane closed due to accident on Sagtikos Pkwy Southbound between Exit S3 Pine Aire Dr and Exit S4 Southern State Pkwy.,nan,Sagtikos Pkwy N,R,Bay Shore,Suffolk,NY,11706,US,US/Eastern,KISP,2018-08-20 17:56:00,73.9,nan,73.0,30.11,10.0,East,8.1,nan,Mostly Cloudy,False,False,False,False,False,False,False,False,False,False,False,False,False,Day,Day,Day,Day
A-2206,2,2017-02-03 05:59:45,2017-02-03 11:59:45,40.76808,-73.90442,40.76863,-73.90663,0.122,At I-278 - Accident.,nan,Brooklyn Queens Expy E,R,Astoria,Queens,NY,11103,US,US/Eastern,KLGA,2017-02-03 05:51:00,28.0,19.3,45.0,30.23,10.0,NW,9.2,nan,Mostly Cloudy,False,False,False,False,False,False,False,False,False,False,False,False,False,Night,Night,Night,Day
A-2253,2,2016-05-12 14:12:13,2016-05-12 20:12:13,40.768767,-73.908632,40.76817,-73.9054,0.174,At Astoria BLD/Grand C Pky/Exit 41 - Accident.,nan,Robert F Kennedy Brg E,R,Astoria,Queens,NY,11103,US,US/Eastern,KLGA,2016-05-12 13:51:00,71.1,nan,35.0,30.09,10.0,ENE,11.5,nan,Mostly Cloudy,False,False,False,False,False,False,False,False,False,False,False,False,False,Day,Day,Day,Day
A-2261,2,2020-06-04 12:59:36,2020-06-04 13:59:36,43.11613,-77.74566,43.11613,-77.74566,0.0,At CR-121/Chestnut Ridge Rd - Accident.,990.0,Chili Center Coldwater Rd,L,Rochester,Monroe,NY,14624-4544,US,US/Eastern,KROC,2020-06-04 12:54:00,83.0,83.0,38.0,29.21,10.0,W,10.0,0.0,Partly Cloudy,False,False,False,False,False,False,False,False,False,False,False,False,False,Day,Day,Day,Day
A-2268,2,2016-11-14 08:18:43,2016-11-14 14:18:43,40.700520000000004,-73.50350999999999,40.69928,-73.5094,0.32,At Wantagh Ave/Exit 28 - Accident.,nan,Southern State Pkwy W,R,Wantagh,Nassau,NY,11793,US,US/Eastern,KFRG,2016-11-14 07:53:00,43.0,38.8,51.0,30.06,10.0,SW,6.9,nan,Clear,False,False,False,False,False,False,False,False,False,False,False,False,False,Day,Day,Day,Day
A-2275,2,2020-10-23 05:34:00,2020-10-23 08:21:00,40.829081,-73.931523,40.844988,-73.926629,1.128,Stationary traffic on I-87 from 149th St/Exit 4 (I-87) to I-95/Cross Bronx Expy/Exit 7 (I-87) due to accident.,nan,Major Deegan Expy N,R,Bronx,Bronx,NY,10452,US,US/Eastern,KLGA,2020-10-23 05:26:00,65.0,65.0,90.0,30.17,1.0,S,6.0,0.0,Fog,False,False,False,False,False,False,False,False,False,False,False,False,False,Night,Night,Night,Night
A-2309,2,2020-09-15 02:56:30,2020-09-15 03:36:30,40.691632,-73.884462,40.697562,-73.871122,0.81,Stationary traffic from Cypress Hills St (Jackie Robinson Pkwy) to Forest Park Dr/Exit 4 (Jackie Robinson Pkwy) due to accident.,nan,Jackie Robinson Pkwy N,R,Ridgewood,Queens,NY,11385,US,US/Eastern,KLGA,2020-09-15 02:51:00,59.0,59.0,49.0,30.25,10.0,NNE,14.0,0.0,Mostly Cloudy,False,False,False,False,False,False,False,False,False,False,False,False,False,Night,Night,Night,Night
A-2329,2,2016-06-30 07:46:43,2016-06-30 08:16:43,41.035934000000005,-73.946007,41.035934000000005,-73.946007,0.0,Right hand shoulder blocked due to accident on Palisades Interstate Pkwy Northbound at Exits 5N 5S NY-303.,nan,Route 303,R,Orangeburg,Rockland,NY,10962,US,US/Eastern,KHPN,2016-06-30 07:56:00,70.0,nan,65.0,30.0,10.0,NNW,6.9,nan,Clear,False,False,False,False,False,False,False,False,False,False,False,False,False,Day,Day,Day,Day
A-2338,2,2020-06-16 08:13:31,2020-06-16 08:58:31,40.78365,-73.40205999999999,40.78365,-73.40205999999999,0.0,At Pinelawn Rd/Exit 49 - Accident.,nan,Long Island Expy W,R,Melville,Suffolk,NY,11747,US,US/Eastern,KFRG,2020-06-16 07:53:00,67.0,67.0,66.0,30.29,10.0,NE,8.0,0.0,Fair,False,False,False,False,False,False,False,False,False,False,False,False,False,Day,Day,Day,Day
A-2395,2,2020-12-13 02:19:00,2020-12-13 04:26:49,41.058892,-73.822696,41.058085999999996,-73.822323,0.059000000000000004,Incident on SAW MILL RIVER PKWY SB near I-287 Right shoulder closed.,nan,Saw Mill River Pkwy S,R,Elmsford,Westchester,NY,10523,US,US/Eastern,KHPN,2020-12-13 01:56:00,50.0,50.0,93.0,29.44,5.0,CALM,0.0,0.0,Mostly Cloudy,False,False,False,False,False,False,False,False,False,False,False,False,False,Night,Night,Night,Night
A-2398,2,2019-04-04 09:02:10,2019-04-04 09:30:28,40.61025,-74.10509,40.60938,-74.09144,0.7190000000000001,At Clove Rd/Exit 13 - Accident.,nan,I-278 E,R,Staten Island,Richmond,NY,10301,US,US/Eastern,KEWR,2019-04-04 08:51:00,46.0,39.0,33.0,30.4,10.0,NNW,16.0,0.0,Mostly Cloudy,False,False,False,False,False,False,False,False,False,False,False,False,False,Day,Day,Day,Day
A-2429,2,2020-12-16 04:07:52,2020-12-16 06:52:04,40.664165999999994,-73.845881,40.665956,-73.84168100000001,0.252,Incident on SHORE PKWY EB near CROSSBAY BLVD Right lane blocked. Expect delays.,nan,Belt Pkwy E,R,Howard Beach,Queens,NY,11414,US,US/Eastern,KJFK,2020-12-16 03:51:00,27.0,17.0,41.0,30.42,10.0,NNE,12.0,0.0,Cloudy,False,False,False,False,True,False,False,False,False,False,False,False,False,Night,Night,Night,Night
A-2473,2,2020-11-03 02:14:35,2020-11-03 04:24:19,43.645945000000005,-73.76356899999999,43.665255,-73.772189,1.402,Crash on I-87 Northway northbound before Exit 25; NY 8 (Chester) right shoulder closed,nan,Adirondack Northway N,R,Warrensburg,Warren,NY,12885,US,US/Eastern,KGFL,2020-11-03 02:30:00,36.0,32.0,89.0,29.25,10.0,W,5.0,0.0,Light Rain,False,False,False,False,False,False,False,False,False,False,False,False,False,Night,Night,Night,Night
A-2485,2,2017-12-13 05:50:10,2017-12-13 11:50:10,40.73706,-73.93108000000001,40.7377,-73.93498000000001,0.209,At Van Dam St - Accident.,nan,Long Island Expy W,R,Long Island City,Queens,NY,11101,US,US/Eastern,KNYC,2017-12-13 05:51:00,19.9,9.3,52.0,29.5,10.0,West,9.2,nan,Clear,False,False,False,False,True,False,False,False,True,False,False,True,False,Night,Night,Night,Day
A-2500,2,2020-05-15 11:52:17,2020-05-15 12:36:49,43.239021,-77.73336,43.239021,-77.73336,0.0,Accident on CR-109 English Rd at CR-144 Greece Rd.,3098.0,English Rd,R,Rochester,Monroe,NY,14616-1622,US,US/Eastern,KROC,2020-05-15 11:54:00,73.0,73.0,61.0,29.21,10.0,SW,13.0,0.0,Mostly Cloudy,False,False,False,False,False,False,False,False,False,False,False,False,False,Day,Day,Day,Day
A-2517,2,2020-12-12 16:42:38,2020-12-12 17:43:40,40.927505,-73.811882,40.927505,-73.811882,0.0,Left lane blocked due to accident on Cross County Pkwy Eastbound at Exit 10 Labelle Rd.,nan,Cross County Pkwy E,R,Mount Vernon,Westchester,NY,10552,US,US/Eastern,KLGA,2020-12-12 16:39:00,55.0,55.0,89.0,29.95,9.0,S,6.0,0.0,Mostly Cloudy,False,False,False,False,False,False,False,False,False,False,False,False,False,Night,Day,Day,Day
A-2549,2,2019-11-18 10:20:59,2019-11-18 10:48:39,40.845737,-73.931702,40.845737,-73.931702,0.0,Lane blocked on entry ramp due to accident on Harlem River Dr Southbound at I-95 George Washingon Bridge.,nan,I-95 N,R,New York,New York,NY,10033,US,US/Eastern,KNYC,2019-11-18 10:33:00,39.0,35.0,89.0,29.69,1.0,VAR,6.0,0.0,Fog,False,False,False,False,True,False,False,False,False,False,False,False,False,Day,Day,Day,Day
A-2645,2,2019-08-21 07:36:21,2019-08-21 08:06:00,40.81573,-73.93097,40.81067,-73.93103,0.35,At 138th St/Grand Concourse/Exit 3 - Accident. Right lane blocked.,nan,Major Deegan Expy N,R,Bronx,Bronx,NY,10451,US,US/Eastern,KLGA,2019-08-21 07:51:00,79.0,79.0,79.0,29.95,8.0,S,6.0,0.0,Mostly Cloudy,False,False,False,False,True,False,False,False,False,False,False,False,False,Day,Day,Day,Day
A-2649,2,2020-12-15 10:46:30,2020-12-15 21:00:42,40.613219,-74.02930500000001,40.610316999999995,-74.033254,0.28800000000000003,Slow traffic on I-278 W from I-278/92nd St (Verrazano-Narrows Bridge (Upper Level)) to I-278/Verrazano-Narrows Bridge (Verrazano-Narrows Bridge (Upper Level)) due to accident.,nan,I-278 W,R,Brooklyn,Kings,NY,11209,US,US/Eastern,KJRB,2020-12-15 10:51:00,36.0,nan,46.0,30.16,10.0,nan,nan,0.0,Fair,False,False,False,False,False,False,False,False,False,False,False,False,False,Day,Day,Day,Day
A-2729,2,2020-12-23 18:21:56,2020-12-23 19:39:56,42.989813,-78.908776,42.994953,-78.880146,1.49,Incident on I-290 EB near I-190 Drive with caution.,nan,I-290 E,R,Tonawanda,Erie,NY,14150,US,US/Eastern,KBUF,2020-12-23 17:54:00,45.0,40.0,42.0,29.15,10.0,S,10.0,0.0,Mostly Cloudy,False,False,False,False,False,False,False,False,False,False,False,False,False,Night,Night,Night,Day
A-2755,2,2017-01-26 19:44:14,2017-01-27 01:44:14,40.94003,-73.85569,40.924147999999995,-73.859574,1.1159999999999999,Between Cross County Pky/Exit 4 (North) and Mile Square Rd/Exit 3 - Accident.,nan,I-87 S,R,Yonkers,Westchester,NY,10704,US,US/Eastern,KLGA,2017-01-26 19:51:00,46.0,38.5,47.0,29.49,10.0,West,19.6,nan,Scattered Clouds,False,False,False,False,False,False,False,False,False,False,False,False,False,Night,Night,Night,Night
A-2765,2,2017-11-22 18:32:59,2017-11-22 19:02:20,40.744659000000006,-73.971039,40.744659000000006,-73.971039,0.0,One lane blocked due to accident on FDR Dr Northbound at Exits 8 9 Franklin Delano Roosevelt Drive Service Rd.,2494.0,FDR Dr,L,New York,New York,NY,10016,US,US/Eastern,KNYC,2017-11-22 18:51:00,41.0,33.9,53.0,30.02,10.0,WNW,12.7,nan,Overcast,True,False,False,False,False,False,False,False,False,False,False,True,False,Night,Night,Night,Night
A-2769,2,2020-05-11 06:55:58,2020-05-11 07:56:17,41.579205,-73.909103,nan,nan,0.0,Right hand shoulder blocked due to accident on US-9 Northbound at CR-28 Old Hopewell Rd.,nan,Old Hopewell Rd,R,Wappingers Falls,Dutchess,NY,12590,US,US/Eastern,KPOU,2020-05-11 06:53:00,41.0,41.0,82.0,29.66,10.0,CALM,0.0,0.0,Fair,False,False,False,False,False,False,False,False,False,False,False,True,False,Day,Day,Day,Day
A-2825,2,2020-12-17 17:13:51,2020-12-17 20:16:31,40.926854,-73.857469,40.928164,-73.857028,0.09300000000000001,Crash on I-87 - NYS Thruway northbound at After Exit 3 (I-87) - Yonkers - Mile Square Road starting 9:13 AM 12/17/2020 [CARS CAD-203520192],nan,I-87 N,R,Yonkers,Westchester,NY,10704,US,US/Eastern,KLGA,2020-12-17 16:51:00,32.0,21.0,61.0,30.0,10.0,NNW,16.0,0.0,Fair,False,False,False,False,False,False,False,False,False,False,False,False,False,Night,Night,Day,Day
A-2847,2,2018-01-04 18:37:44,2018-01-05 00:37:44,42.89978,-76.11284,42.890190000000004,-76.10956,0.6829999999999999,Between US-11/Exit 15 and US-20/Exit 15 - Accident. Right lane blocked.,nan,I-81 S,R,La Fayette,Onondaga,NY,13084,US,US/Eastern,KSYR,2018-01-04 18:32:00,18.0,3.6,92.0,29.64,1.0,WNW,15.0,0.0,Light Snow,False,False,False,False,False,False,False,False,False,False,False,False,False,Night,Night,Night,Night
A-2894,2,2020-09-29 13:08:00,2020-09-30 03:53:00,40.739139,-73.792736,40.753384999999994,-73.744686,2.701,Slow traffic on I-495 from Kissena Blvd/Exit 24 (I-495) to Cross Island Pkwy/Exit 30 (I-495) due to accident.,nan,Long Island Expy E,R,Fresh Meadows,Queens,NY,11365,US,US/Eastern,KLGA,2020-09-29 13:25:00,73.0,73.0,84.0,29.82,10.0,S,16.0,0.0,Cloudy,False,False,True,False,False,False,False,False,False,False,False,True,False,Day,Day,Day,Day
A-2901,2,2018-10-30 09:08:13,2018-10-30 09:37:58,41.035675,-73.816696,nan,nan,0.0,Left lane blocked and left hand shoulder blocked due to accident on Sprain Brook Pkwy Northbound near NY-100B Dobbs Ferry Rd.,nan,Dobbs Ferry Rd,R,White Plains,Westchester,NY,10607,US,US/Eastern,KHPN,2018-10-30 08:56:00,43.0,37.2,65.0,30.03,10.0,WNW,10.4,nan,Partly Cloudy,False,False,False,False,False,False,False,False,False,False,False,False,False,Day,Day,Day,Day
A-2951,2,2019-03-05 08:50:49,2019-03-05 09:50:40,43.149509,-77.571701,43.149509,-77.571701,0.0,Accident on CR-120 Culver Rd at NY-96 East Ave.,1216.0,East Ave,L,Rochester,Monroe,NY,14610-1517,US,US/Eastern,KROC,2019-03-05 08:54:00,12.0,-2.7,61.0,30.05,10.0,WSW,12.7,nan,Scattered Clouds,False,False,False,False,False,False,False,False,False,False,False,True,False,Day,Day,Day,Day
A-2957,2,2016-04-06 12:12:56,2016-04-06 18:12:56,40.69043,-73.99866,40.693090000000005,-73.99932,0.187,At Atlantic Ave/Exit 27 - Accident.,nan,Brooklyn Queens Expy,R,Brooklyn,Kings,NY,11201,US,US/Eastern,KJRB,2016-04-06 12:15:00,44.6,42.2,34.0,30.35,10.0,SSW,4.6,nan,Clear,False,False,False,False,False,False,False,False,False,False,False,False,False,Day,Day,Day,Day
A-2961,2,2020-01-25 14:53:23,2020-01-25 15:38:02,41.512572999999996,-73.789177,41.512572999999996,-73.789177,0.0,Right hand shoulder blocked due to accident on Taconic State Pkwy at Miller Hill Rd.,nan,Appalachian National Scenic Trail,R,Hopewell Junction,Dutchess,NY,12533,US,US/Eastern,KPOU,2020-01-25 14:53:00,43.0,38.0,86.0,29.62,2.0,E,8.0,0.08,Light Rain,False,False,False,False,False,False,False,False,False,False,False,False,False,Day,Day,Day,Day
A-2963,2,2019-12-16 06:13:42,2019-12-16 08:36:29,43.102585,-77.431931,43.102585,-77.431931,0.0,Accident on NY-31F Macedon Center Rd both ways at CR-50 Turk Hill Rd.,22.0,Macedon Center Rd,L,Fairport,Monroe,NY,14450-9763,US,US/Eastern,KROC,2019-12-16 05:54:00,26.0,18.0,69.0,29.6,10.0,SW,7.0,0.0,Cloudy,False,False,False,False,False,False,False,False,False,False,False,False,False,Night,Night,Night,Day
A-2980,2,2018-09-28 15:49:51,2018-09-28 16:19:21,40.764179999999996,-73.51959000000001,40.764179999999996,-73.51959000000001,0.0,At Old Country Rd - Accident.,5.0,S Broadway,R,Hicksville,Nassau,NY,11801-5001,US,US/Eastern,KFRG,2018-09-28 15:53:00,60.1,nan,80.0,30.05,10.0,North,10.4,nan,Overcast,False,False,False,False,False,False,False,False,False,False,False,True,False,Day,Day,Day,Day
